Run,Pod Create (ns),Container Create (ns),Container Status CreatedAt (ns)
1,151604869,124707040,2025-07-07T22:46:44.28848876Z
2,157483381,118037434,2025-07-07T22:46:45.040957985Z
3,155925134,130765076,2025-07-07T22:46:45.816665085Z
4,158602780,136883252,2025-07-07T22:46:46.443908611Z
5,145645205,126477071,2025-07-07T22:46:47.211327227Z
6,149445431,87590615,2025-07-07T22:46:47.878942606Z
7,103174156,128912523,2025-07-07T22:46:48.433536417Z
8,179274190,155964855,2025-07-07T22:46:49.173540567Z
9,144376552,148278911,2025-07-07T22:46:49.858316214Z
10,104664481,120040560,2025-07-07T22:46:50.409504518Z
11,166423556,131029710,2025-07-07T22:46:51.103195352Z
12,150835125,136462145,2025-07-07T22:46:51.776213185Z
13,139027640,142219145,2025-07-07T22:46:52.434289029Z
14,166659581,85613560,2025-07-07T22:46:53.062425571Z
15,135515188,85468857,2025-07-07T22:46:53.695733184Z
16,152746818,153144006,2025-07-07T22:46:54.383731618Z
17,174712301,118927950,2025-07-07T22:46:55.0922709Z
18,152586256,141654355,2025-07-07T22:46:55.796507948Z
19,163603268,88025782,2025-07-07T22:46:56.401109441Z
20,146730774,131521289,2025-07-07T22:46:57.182507681Z
21,121683088,126801837,2025-07-07T22:46:57.816923594Z
22,106126426,131432768,2025-07-07T22:46:58.386991616Z
23,160042096,138060583,2025-07-07T22:46:59.06743527Z
24,155813452,145707296,2025-07-07T22:46:59.762919755Z
25,160118237,85478718,2025-07-07T22:47:00.495238822Z
26,102713869,142936258,2025-07-07T22:47:01.132078837Z
27,144184350,118941010,2025-07-07T22:47:01.777072224Z
28,150254846,87052175,2025-07-07T22:47:02.397705127Z
29,151201382,141156787,2025-07-07T22:47:03.084543502Z
30,143264764,119377498,2025-07-07T22:47:03.749492477Z
31,157938279,133520485,2025-07-07T22:47:04.546272296Z
32,163518266,86896352,2025-07-07T22:47:05.179770654Z
33,166032690,125058197,2025-07-07T22:47:05.989320295Z
34,104201994,89066010,2025-07-07T22:47:06.507346713Z
35,158359426,132958824,2025-07-07T22:47:07.204234934Z
36,154245585,90803061,2025-07-07T22:47:07.862865219Z
37,103972010,142237646,2025-07-07T22:47:08.406328289Z
38,154005001,131996117,2025-07-07T22:47:09.064486067Z
39,149569243,88036012,2025-07-07T22:47:09.715199474Z
40,157267067,133029396,2025-07-07T22:47:10.379153082Z
41,160514494,88134214,2025-07-07T22:47:11.042558701Z
42,161018673,129422903,2025-07-07T22:47:11.815810632Z
43,101359524,134376000,2025-07-07T22:47:12.390415035Z
44,162686372,154308136,2025-07-07T22:47:13.110825376Z
45,150500660,135591191,2025-07-07T22:47:13.81532125Z
46,104792614,139154233,2025-07-07T22:47:14.395608812Z
47,161625404,86404754,2025-07-07T22:47:15.030763729Z
48,160897412,130196686,2025-07-07T22:47:15.725349591Z
49,155944215,136849853,2025-07-07T22:47:16.434285743Z
50,161374059,135143932,2025-07-07T22:47:17.130150447Z
51,152691828,86269662,2025-07-07T22:47:17.756875368Z
52,137640556,140874943,2025-07-07T22:47:18.43591557Z
53,149081176,161740806,2025-07-07T22:47:19.160008856Z
54,145980312,129489544,2025-07-07T22:47:19.829050994Z
55,98710428,132745441,2025-07-07T22:47:20.385643794Z
56,167676179,153406931,2025-07-07T22:47:21.110162228Z
57,163225802,138865218,2025-07-07T22:47:21.820040727Z
58,147427307,143779603,2025-07-07T22:47:22.459664933Z
59,167741410,144725130,2025-07-07T22:47:23.181566602Z
60,151505068,88754335,2025-07-07T22:47:23.828353292Z
61,103549184,126384021,2025-07-07T22:47:24.369528034Z
62,162089293,132221782,2025-07-07T22:47:25.071991464Z
63,154423148,87338200,2025-07-07T22:47:25.702685646Z
64,166268735,129647187,2025-07-07T22:47:26.502089014Z
65,152982704,135708993,2025-07-07T22:47:27.193796537Z
66,164409253,129645777,2025-07-07T22:47:27.8912339Z
67,104045852,143019710,2025-07-07T22:47:28.435562778Z
68,153732956,130759947,2025-07-07T22:47:29.126070461Z
69,143921986,134060624,2025-07-07T22:47:29.822572018Z
70,167460545,143827635,2025-07-07T22:47:30.47283928Z
71,102133469,128876484,2025-07-07T22:47:31.093270472Z
72,167453905,86553768,2025-07-07T22:47:31.840558294Z
73,103111685,87728488,2025-07-07T22:47:32.332053092Z
74,171521086,86784881,2025-07-07T22:47:32.977293917Z
75,149796588,85983886,2025-07-07T22:47:33.638368808Z
76,148423695,136022449,2025-07-07T22:47:34.321742237Z
77,159195412,128852784,2025-07-07T22:47:34.997736398Z
78,167014969,87152908,2025-07-07T22:47:35.65601076Z
79,166608312,132215102,2025-07-07T22:47:36.340837225Z
80,103210037,131167094,2025-07-07T22:47:36.976047885Z
81,151700201,137645627,2025-07-07T22:47:37.658905896Z
82,137512524,150354639,2025-07-07T22:47:38.32528566Z
83,159476867,89656252,2025-07-07T22:47:39.099972249Z
84,161442342,142947169,2025-07-07T22:47:39.817938171Z
85,104903436,140431946,2025-07-07T22:47:40.378049875Z
86,156041498,89020380,2025-07-07T22:47:41.010171712Z
87,154037932,136272242,2025-07-07T22:47:41.736106924Z
88,144813932,88753166,2025-07-07T22:47:42.383839113Z
89,176210538,87904671,2025-07-07T22:47:43.066320587Z
90,166175414,89500588,2025-07-07T22:47:43.69357432Z
91,154341227,139439628,2025-07-07T22:47:44.37921261Z
92,105094579,137417172,2025-07-07T22:47:45.016498258Z
93,183896492,121593557,2025-07-07T22:47:45.727318746Z
94,142482341,146288197,2025-07-07T22:47:46.42118542Z
95,154426059,144410525,2025-07-07T22:47:47.151991646Z
96,159972507,148240941,2025-07-07T22:47:47.859834693Z
97,103293579,131562971,2025-07-07T22:47:48.418746967Z
98,157364310,130906810,2025-07-07T22:47:49.217944304Z
99,152037008,144297713,2025-07-07T22:47:49.900919709Z
100,104924557,131017401,2025-07-07T22:47:50.468667996Z