pod                         , start_time          , ready_time          , latency_sec
benchmark-pod-containerd-1  , 2025-06-13T19:34:34Z, 2025-06-13T19:34:35Z,           1
benchmark-pod-containerd-2  , 2025-06-13T19:34:37Z, 2025-06-13T19:34:38Z,           1
benchmark-pod-containerd-3  , 2025-06-13T19:34:40Z, 2025-06-13T19:34:41Z,           1
benchmark-pod-containerd-4  , 2025-06-13T19:34:43Z, 2025-06-13T19:34:44Z,           1
benchmark-pod-containerd-5  , 2025-06-13T19:34:46Z, 2025-06-13T19:34:47Z,           1
benchmark-pod-containerd-6  , 2025-06-13T19:34:49Z, 2025-06-13T19:34:50Z,           1
benchmark-pod-containerd-7  , 2025-06-13T19:34:52Z, 2025-06-13T19:34:53Z,           1
benchmark-pod-containerd-8  , 2025-06-13T19:34:55Z, 2025-06-13T19:34:56Z,           1
benchmark-pod-containerd-9  , 2025-06-13T19:34:58Z, 2025-06-13T19:34:59Z,           1
benchmark-pod-containerd-10 , 2025-06-13T19:35:01Z, 2025-06-13T19:35:02Z,           1
benchmark-pod-containerd-11 , 2025-06-13T19:35:04Z, 2025-06-13T19:35:05Z,           1
benchmark-pod-containerd-12 , 2025-06-13T19:35:07Z, 2025-06-13T19:35:08Z,           1
benchmark-pod-containerd-13 , 2025-06-13T19:35:10Z, 2025-06-13T19:35:11Z,           1
benchmark-pod-containerd-14 , 2025-06-13T19:35:13Z, 2025-06-13T19:35:14Z,           1
benchmark-pod-containerd-15 , 2025-06-13T19:35:16Z, 2025-06-13T19:35:17Z,           1
benchmark-pod-containerd-16 , 2025-06-13T19:35:19Z, 2025-06-13T19:35:20Z,           1
benchmark-pod-containerd-17 , 2025-06-13T19:35:22Z, 2025-06-13T19:35:23Z,           1
benchmark-pod-containerd-18 , 2025-06-13T19:35:25Z, 2025-06-13T19:35:26Z,           1
benchmark-pod-containerd-19 , 2025-06-13T19:35:28Z, 2025-06-13T19:35:29Z,           1
benchmark-pod-containerd-20 , 2025-06-13T19:35:31Z, 2025-06-13T19:35:32Z,           1
benchmark-pod-containerd-21 , 2025-06-13T19:35:34Z, 2025-06-13T19:35:35Z,           1
benchmark-pod-containerd-22 , 2025-06-13T19:35:37Z, 2025-06-13T19:35:38Z,           1
benchmark-pod-containerd-23 , 2025-06-13T19:35:40Z, 2025-06-13T19:35:41Z,           1
benchmark-pod-containerd-24 , 2025-06-13T19:35:43Z, 2025-06-13T19:35:44Z,           1
benchmark-pod-containerd-25 , 2025-06-13T19:35:46Z, 2025-06-13T19:35:47Z,           1
benchmark-pod-containerd-26 , 2025-06-13T19:35:49Z, 2025-06-13T19:35:50Z,           1
benchmark-pod-containerd-27 , 2025-06-13T19:35:52Z, 2025-06-13T19:35:53Z,           1
benchmark-pod-containerd-28 , 2025-06-13T19:35:55Z, 2025-06-13T19:35:56Z,           1
benchmark-pod-containerd-29 , 2025-06-13T19:35:58Z, 2025-06-13T19:35:59Z,           1
benchmark-pod-containerd-30 , 2025-06-13T19:36:01Z, 2025-06-13T19:36:02Z,           1
benchmark-pod-containerd-31 , 2025-06-13T19:36:04Z, 2025-06-13T19:36:05Z,           1
benchmark-pod-containerd-32 , 2025-06-13T19:36:07Z, 2025-06-13T19:36:08Z,           1
benchmark-pod-containerd-33 , 2025-06-13T19:36:10Z, 2025-06-13T19:36:11Z,           1
benchmark-pod-containerd-34 , 2025-06-13T19:36:13Z, 2025-06-13T19:36:14Z,           1
benchmark-pod-containerd-35 , 2025-06-13T19:36:16Z, 2025-06-13T19:36:17Z,           1
benchmark-pod-containerd-36 , 2025-06-13T19:36:19Z, 2025-06-13T19:36:20Z,           1
benchmark-pod-containerd-37 , 2025-06-13T19:36:22Z, 2025-06-13T19:36:23Z,           1
benchmark-pod-containerd-38 , 2025-06-13T19:36:25Z, 2025-06-13T19:36:26Z,           1
benchmark-pod-containerd-39 , 2025-06-13T19:36:28Z, 2025-06-13T19:36:29Z,           1
benchmark-pod-containerd-40 , 2025-06-13T19:36:31Z, 2025-06-13T19:36:32Z,           1
benchmark-pod-containerd-41 , 2025-06-13T19:36:34Z, 2025-06-13T19:36:35Z,           1
benchmark-pod-containerd-42 , 2025-06-13T19:36:37Z, 2025-06-13T19:36:38Z,           1
benchmark-pod-containerd-43 , 2025-06-13T19:36:40Z, 2025-06-13T19:36:41Z,           1
benchmark-pod-containerd-44 , 2025-06-13T19:36:43Z, 2025-06-13T19:36:44Z,           1
benchmark-pod-containerd-45 , 2025-06-13T19:36:46Z, 2025-06-13T19:36:47Z,           1
benchmark-pod-containerd-46 , 2025-06-13T19:36:49Z, 2025-06-13T19:36:50Z,           1
benchmark-pod-containerd-47 , 2025-06-13T19:36:52Z, 2025-06-13T19:36:53Z,           1
benchmark-pod-containerd-48 , 2025-06-13T19:36:55Z, 2025-06-13T19:36:56Z,           1
benchmark-pod-containerd-49 , 2025-06-13T19:36:58Z, 2025-06-13T19:36:59Z,           1
benchmark-pod-containerd-50 , 2025-06-13T19:37:01Z, 2025-06-13T19:37:02Z,           1
benchmark-pod-containerd-51 , 2025-06-13T19:37:04Z, 2025-06-13T19:37:05Z,           1
benchmark-pod-containerd-52 , 2025-06-13T19:37:07Z, 2025-06-13T19:37:08Z,           1
benchmark-pod-containerd-53 , 2025-06-13T19:37:10Z, 2025-06-13T19:37:11Z,           1
benchmark-pod-containerd-54 , 2025-06-13T19:37:13Z, 2025-06-13T19:37:14Z,           1
benchmark-pod-containerd-55 , 2025-06-13T19:37:16Z, 2025-06-13T19:37:17Z,           1
benchmark-pod-containerd-56 , 2025-06-13T19:37:19Z, 2025-06-13T19:37:20Z,           1
benchmark-pod-containerd-57 , 2025-06-13T19:37:22Z, 2025-06-13T19:37:23Z,           1
benchmark-pod-containerd-58 , 2025-06-13T19:37:25Z, 2025-06-13T19:37:26Z,           1
benchmark-pod-containerd-59 , 2025-06-13T19:37:29Z, 2025-06-13T19:37:29Z,           0
benchmark-pod-containerd-60 , 2025-06-13T19:37:32Z, 2025-06-13T19:37:32Z,           0
benchmark-pod-containerd-61 , 2025-06-13T19:37:35Z, 2025-06-13T19:37:35Z,           0
benchmark-pod-containerd-62 , 2025-06-13T19:37:38Z, 2025-06-13T19:37:38Z,           0
benchmark-pod-containerd-63 , 2025-06-13T19:37:41Z, 2025-06-13T19:37:41Z,           0
benchmark-pod-containerd-64 , 2025-06-13T19:37:44Z, 2025-06-13T19:37:44Z,           0
benchmark-pod-containerd-65 , 2025-06-13T19:37:47Z, 2025-06-13T19:37:47Z,           0
benchmark-pod-containerd-66 , 2025-06-13T19:37:50Z, 2025-06-13T19:37:50Z,           0
benchmark-pod-containerd-67 , 2025-06-13T19:37:53Z, 2025-06-13T19:37:53Z,           0
benchmark-pod-containerd-68 , 2025-06-13T19:37:56Z, 2025-06-13T19:37:56Z,           0
benchmark-pod-containerd-69 , 2025-06-13T19:37:59Z, 2025-06-13T19:37:59Z,           0
benchmark-pod-containerd-70 , 2025-06-13T19:38:02Z, 2025-06-13T19:38:02Z,           0
benchmark-pod-containerd-71 , 2025-06-13T19:38:05Z, 2025-06-13T19:38:05Z,           0
benchmark-pod-containerd-72 , 2025-06-13T19:38:08Z, 2025-06-13T19:38:08Z,           0
benchmark-pod-containerd-73 , 2025-06-13T19:38:11Z, 2025-06-13T19:38:11Z,           0
benchmark-pod-containerd-74 , 2025-06-13T19:38:14Z, 2025-06-13T19:38:14Z,           0
benchmark-pod-containerd-75 , 2025-06-13T19:38:17Z, 2025-06-13T19:38:17Z,           0
benchmark-pod-containerd-76 , 2025-06-13T19:38:20Z, 2025-06-13T19:38:20Z,           0
benchmark-pod-containerd-77 , 2025-06-13T19:38:23Z, 2025-06-13T19:38:23Z,           0
benchmark-pod-containerd-78 , 2025-06-13T19:38:26Z, 2025-06-13T19:38:26Z,           0
benchmark-pod-containerd-79 , 2025-06-13T19:38:29Z, 2025-06-13T19:38:29Z,           0
benchmark-pod-containerd-80 , 2025-06-13T19:38:32Z, 2025-06-13T19:38:32Z,           0
benchmark-pod-containerd-81 , 2025-06-13T19:38:35Z, 2025-06-13T19:38:35Z,           0
benchmark-pod-containerd-82 , 2025-06-13T19:38:38Z, 2025-06-13T19:38:38Z,           0
benchmark-pod-containerd-83 , 2025-06-13T19:38:41Z, 2025-06-13T19:38:41Z,           0
benchmark-pod-containerd-84 , 2025-06-13T19:38:44Z, 2025-06-13T19:38:44Z,           0
benchmark-pod-containerd-85 , 2025-06-13T19:38:47Z, 2025-06-13T19:38:47Z,           0
benchmark-pod-containerd-86 , 2025-06-13T19:38:50Z, 2025-06-13T19:38:50Z,           0
benchmark-pod-containerd-87 , 2025-06-13T19:38:53Z, 2025-06-13T19:38:53Z,           0
benchmark-pod-containerd-88 , 2025-06-13T19:38:56Z, 2025-06-13T19:38:56Z,           0
benchmark-pod-containerd-89 , 2025-06-13T19:38:59Z, 2025-06-13T19:39:00Z,           1
benchmark-pod-containerd-90 , 2025-06-13T19:39:02Z, 2025-06-13T19:39:03Z,           1
benchmark-pod-containerd-91 , 2025-06-13T19:39:05Z, 2025-06-13T19:39:06Z,           1
benchmark-pod-containerd-92 , 2025-06-13T19:39:08Z, 2025-06-13T19:39:09Z,           1
benchmark-pod-containerd-93 , 2025-06-13T19:39:11Z, 2025-06-13T19:39:12Z,           1
benchmark-pod-containerd-94 , 2025-06-13T19:39:14Z, 2025-06-13T19:39:15Z,           1
benchmark-pod-containerd-95 , 2025-06-13T19:39:17Z, 2025-06-13T19:39:18Z,           1
benchmark-pod-containerd-96 , 2025-06-13T19:39:20Z, 2025-06-13T19:39:21Z,           1
benchmark-pod-containerd-97 , 2025-06-13T19:39:23Z, 2025-06-13T19:39:24Z,           1
benchmark-pod-containerd-98 , 2025-06-13T19:39:26Z, 2025-06-13T19:39:27Z,           1
benchmark-pod-containerd-99 , 2025-06-13T19:39:29Z, 2025-06-13T19:39:30Z,           1
benchmark-pod-containerd-100, 2025-06-13T19:39:32Z, 2025-06-13T19:39:33Z,           1
